layer,budget,cosine,rel_l2
0,16,0.35563552379608154,1.0829883813858032
0,32,0.4120142161846161,1.0136964321136475
0,48,0.44739851355552673,0.976305365562439
0,64,0.47687819600105286,0.9473584294319153
0,80,0.5012386441230774,0.9261229634284973
0,96,0.5268626809120178,0.9024010896682739
0,128,0.5662449598312378,0.8692384958267212
1,16,0.23340825736522675,1.3743069171905518
1,32,0.31855982542037964,1.2465298175811768
1,48,0.3786105215549469,1.174144983291626
1,64,0.42231690883636475,1.124811053276062
1,80,0.4639359414577484,1.0722426176071167
1,96,0.5000160336494446,1.0377000570297241
1,128,0.5648846626281738,0.9671530723571777
2,16,0.23167556524276733,2.176435947418213
2,32,0.33906644582748413,1.6402682065963745
2,48,0.4034363329410553,1.4277784824371338
2,64,0.4529285430908203,1.2888038158416748
2,80,0.48947227001190186,1.1849197149276733
2,96,0.5244326591491699,1.1181726455688477
2,128,0.5830162167549133,1.025809645652771
3,16,0.11891528218984604,1.1071568727493286
3,32,0.21472777426242828,1.051737904548645
3,48,0.29616519808769226,1.0046347379684448
3,64,0.3730188012123108,0.9574998617172241
3,80,0.43436911702156067,0.918385922908783
3,96,0.4960336685180664,0.8781785368919373
3,128,0.5910946726799011,0.8058544993400574
4,16,0.14447185397148132,1.0737791061401367
4,32,0.22564560174942017,1.0583343505859375
4,48,0.2825844883918762,1.0408936738967896
4,64,0.337942510843277,1.0112227201461792
4,80,0.3829360902309418,0.9856520295143127
4,96,0.4260706901550293,0.9577953815460205
4,128,0.5016340017318726,0.9012788534164429
5,16,0.11646433919668198,1.0948724746704102
5,32,0.1974048912525177,1.050905704498291
5,48,0.2667292356491089,1.0122764110565186
5,64,0.331523060798645,0.9755136966705322
5,80,0.387283593416214,0.9431849122047424
5,96,0.4398031532764435,0.9106656908988953
5,128,0.5348324179649353,0.8466452360153198
6,16,0.160195991396904,1.1058547496795654
6,32,0.28559547662734985,1.0425455570220947
6,48,0.36486807465553284,0.996429979801178
6,64,0.44277846813201904,0.9450098872184753
6,80,0.4988548457622528,0.9022225141525269
6,96,0.5520332455635071,0.8601310849189758
6,128,0.6344369649887085,0.7881122827529907
7,16,0.0762120708823204,1.1497576236724854
7,32,0.15128856897354126,1.1065617799758911
7,48,0.21985411643981934,1.0672677755355835
7,64,0.2865428924560547,1.0271549224853516
7,80,0.34284862875938416,0.9932885766029358
7,96,0.39749228954315186,0.9573396444320679
7,128,0.49606677889823914,0.8894583582878113
8,16,-0.016243381425738335,1.329534888267517
8,32,0.08521772176027298,1.2513458728790283
8,48,0.16655336320400238,1.19058096408844
8,64,0.24510543048381805,1.129448413848877
8,80,0.30879899859428406,1.0789791345596313
8,96,0.3686850965023041,1.0314103364944458
8,128,0.467157781124115,0.9481536746025085
9,16,-0.07297457754611969,1.3863074779510498
9,32,0.002340763108804822,1.3236463069915771
9,48,0.07060556858778,1.2668334245681763
9,64,0.14023636281490326,1.209592342376709
9,80,0.20062537491321564,1.1605242490768433
9,96,0.25765955448150635,1.1156253814697266
9,128,0.362512469291687,1.0284175872802734
10,16,0.04875003173947334,1.1484123468399048
10,32,0.17746728658676147,1.0777825117111206
10,48,0.27629661560058594,1.0203206539154053
10,64,0.3657341003417969,0.9657974243164062
10,80,0.44254881143569946,0.9171620011329651
10,96,0.5058033466339111,0.8724725842475891
10,128,0.6104230880737305,0.7919825911521912
11,16,0.006925430614501238,1.1015008687973022
11,32,0.15826234221458435,1.0420950651168823
11,48,0.2610922157764435,0.9947411417961121
11,64,0.35038676857948303,0.9490863084793091
11,80,0.4164377450942993,0.911366879940033
11,96,0.4748341143131256,0.8745123147964478
11,128,0.5639880895614624,0.8111883401870728
12,16,-0.014726124703884125,1.1284992694854736
12,32,0.1651369035243988,1.0509976148605347
12,48,0.29769426584243774,0.981245756149292
12,64,0.41188475489616394,0.9160173535346985
12,80,0.49942144751548767,0.8604150414466858
12,96,0.5728710293769836,0.8060451745986938
12,128,0.6809496879577637,0.7152466773986816
13,16,0.04811468347907066,1.1313815116882324
13,32,0.22246402502059937,1.0506271123886108
13,48,0.35099467635154724,0.9712927341461182
13,64,0.45442017912864685,0.9064140319824219
13,80,0.5302176475524902,0.8499588370323181
13,96,0.5933411121368408,0.7970730066299438
13,128,0.6912130117416382,0.7086990475654602
14,16,-0.016506241634488106,1.1699306964874268
14,32,0.09566524624824524,1.1192169189453125
14,48,0.19542929530143738,1.0677814483642578
14,64,0.280091792345047,1.0213415622711182
14,80,0.3554534316062927,0.9766108393669128
14,96,0.41739532351493835,0.9445093274116516
14,128,0.5277337431907654,0.8706744313240051
15,16,0.06773380190134048,1.0637614727020264
15,32,0.21123334765434265,1.003603219985962
15,48,0.3157491087913513,0.9538034796714783
15,64,0.4055262804031372,0.9059143662452698
15,80,0.47867998480796814,0.8631755113601685
15,96,0.5387247204780579,0.8236380219459534
15,128,0.6373838186264038,0.7501334547996521
16,16,0.09073912352323532,1.103702425956726
16,32,0.263075053691864,1.013094186782837
16,48,0.38162848353385925,0.9427335262298584
16,64,0.4835417866706848,0.8763659000396729
16,80,0.5597599148750305,0.820442259311676
16,96,0.6221590042114258,0.7713146805763245
16,128,0.7191148400306702,0.6829385757446289
17,16,0.26948443055152893,0.989054799079895
17,32,0.4141148328781128,0.9223317503929138
17,48,0.5070658922195435,0.8662810325622559
17,64,0.5843884944915771,0.8132827281951904
17,80,0.6416110992431641,0.7658346891403198
17,96,0.6878616809844971,0.7229239344596863
17,128,0.7631823420524597,0.643044650554657
18,16,0.29344263672828674,0.9688581824302673
18,32,0.428726464509964,0.9006162285804749
18,48,0.5273047685623169,0.8434500694274902
18,64,0.5969989895820618,0.7948852777481079
18,80,0.6546069979667664,0.7508527040481567
18,96,0.699749767780304,0.7106544971466064
18,128,0.7670060396194458,0.6428395509719849
19,16,0.21262039244174957,1.0032539367675781
19,32,0.3169649541378021,0.9593435525894165
19,48,0.3930785655975342,0.9231612682342529
19,64,0.4614103138446808,0.8875362873077393
19,80,0.521405816078186,0.8513796925544739
19,96,0.5736463069915771,0.8173986673355103
19,128,0.6595820188522339,0.7512330412864685
20,16,0.32287025451660156,0.9441628456115723
20,32,0.45613208413124084,0.8754555583000183
20,48,0.5370069742202759,0.8275288343429565
20,64,0.6049895882606506,0.7797492742538452
20,80,0.650944173336029,0.7446538805961609
20,96,0.6967669725418091,0.7029115557670593
20,128,0.7572022676467896,0.6426025629043579
21,16,0.5240864157676697,0.8828075528144836
21,32,0.5849519968032837,0.8425675630569458
21,48,0.6244203448295593,0.8129206299781799
21,64,0.6654683351516724,0.7786382436752319
21,80,0.6989198327064514,0.749530017375946
21,96,0.7282487154006958,0.720714807510376
21,128,0.7778963446617126,0.6645652055740356
22,16,0.35268598794937134,0.9413046836853027
22,32,0.4332946538925171,0.8996967077255249
22,48,0.4943031072616577,0.8649786710739136
22,64,0.5500048995018005,0.8308085799217224
22,80,0.5978424549102783,0.795653223991394
22,96,0.6407402157783508,0.7612948417663574
22,128,0.711853563785553,0.6983265280723572
23,16,0.3141223192214966,0.9549972414970398
23,32,0.3932783007621765,0.9135769605636597
23,48,0.45391684770584106,0.8790246248245239
23,64,0.5135300159454346,0.8414709568023682
23,80,0.5640709400177002,0.8072231411933899
23,96,0.6080806851387024,0.7741664052009583
23,128,0.6838847398757935,0.7120352983474731
24,16,0.5954734683036804,0.8503533005714417
24,32,0.656403660774231,0.8036022782325745
24,48,0.6954389810562134,0.7692421674728394
24,64,0.7321838140487671,0.7330613136291504
24,80,0.7604436278343201,0.7011089324951172
24,96,0.7890236973762512,0.6634488105773926
24,128,0.8273674845695496,0.6116722226142883
25,16,0.5813467502593994,0.8479586839675903
25,32,0.6327082514762878,0.8088772892951965
25,48,0.6711130142211914,0.7764301896095276
25,64,0.70120769739151,0.7481747269630432
25,80,0.7344004511833191,0.7128187417984009
25,96,0.7596659660339355,0.685821533203125
25,128,0.8048880100250244,0.6291181445121765
26,16,0.18273727595806122,0.9964013695716858
26,32,0.2744365930557251,0.9611725211143494
26,48,0.33910736441612244,0.9336811304092407
26,64,0.40055766701698303,0.9031577110290527
26,80,0.4571784734725952,0.8737602233886719
26,96,0.5058183670043945,0.8442816734313965
26,128,0.5821086764335632,0.7928048968315125
27,16,0.4733893573284149,0.8957589864730835
27,32,0.5264111757278442,0.8635489344596863
27,48,0.567062497138977,0.8377981781959534
27,64,0.6042931079864502,0.8121525049209595
27,80,0.6383497714996338,0.7849736213684082
27,96,0.6683892011642456,0.7584512233734131
27,128,0.7185631394386292,0.7106826305389404
